<?xml version="1.0" encoding="UTF-8"?>
<CustomField xmlns="http://soap.sforce.com/2006/04/metadata">
    <fullName>qb_Invoice__c</fullName>
    <externalId>false</externalId>
    <label>Quickbooks Invoice</label>
    <referenceTo>qb_Invoice__c</referenceTo>
    <relationshipLabel>Quickbooks Invoice	Lines</relationshipLabel>
    <relationshipName>qb_Invoice_Lines</relationshipName>
    <relationshipOrder>0</relationshipOrder>
    <reparentableMasterDetail>false</reparentableMasterDetail>
    <trackTrending>false</trackTrending>
    <type>MasterDetail</type>
    <writeRequiresMasterRead>false</writeRequiresMasterRead>
</CustomField>
