<?xml version="1.0" encoding="UTF-8"?>
<CustomField xmlns="http://soap.sforce.com/2006/04/metadata">
    <fullName>Environment__c</fullName>
    <externalId>false</externalId>
    <fieldManageability>DeveloperControlled</fieldManageability>
    <label>Environment</label>
    <required>false</required>
    <type>Picklist</type>
    <valueSet>
        <restricted>true</restricted>
        <valueSetDefinition>
            <sorted>false</sorted>
            <value>
                <fullName>Production</fullName>
                <default>true</default>
                <label>Production</label>
            </value>
            <value>
                <fullName>Sandbox</fullName>
                <default>false</default>
                <label>Sandbox</label>
            </value>
        </valueSetDefinition>
    </valueSet>
</CustomField>
