<?xml version="1.0" encoding="UTF-8"?>
<CustomField xmlns="http://soap.sforce.com/2006/04/metadata">
    <fullName>Course_Number__c</fullName>
    <description>This is the field created from Custom Metadata</description>
    <externalId>true</externalId>
    <inlineHelpText>This is the field created from Custom Metadata</inlineHelpText>
    <label>Course Number</label>
    <precision>6</precision>
    <required>true</required>
    <scale>2</scale>
    <trackFeedHistory>false</trackFeedHistory>
    <trackTrending>false</trackTrending>
    <type>Number</type>
    <unique>true</unique>
</CustomField>
