<?xml version="1.0" encoding="UTF-8"?>
<CustomField xmlns="http://soap.sforce.com/2006/04/metadata">
    <fullName>Courses__c</fullName>
    <description>This is the field created from Custom Metadata</description>
    <externalId>false</externalId>
    <label>Courses</label>
    <required>false</required>
    <trackFeedHistory>false</trackFeedHistory>
    <trackTrending>false</trackTrending>
    <type>Picklist</type>
    <valueSet>
        <valueSetDefinition>
            <sorted>false</sorted>
            <value>
                <fullName>Apex Development</fullName>
                <default>false</default>
                <label>Apex Development</label>
            </value>
            <value>
                <fullName>B2B</fullName>
                <default>false</default>
                <label>B2B</label>
            </value>
            <value>
                <fullName>CPQ</fullName>
                <default>false</default>
                <label>CPQ</label>
            </value>
            <value>
                <fullName>Integration</fullName>
                <default>false</default>
                <label>Integration</label>
            </value>
            <value>
                <fullName>LWC</fullName>
                <default>false</default>
                <label>LWC</label>
            </value>
        </valueSetDefinition>
    </valueSet>
</CustomField>
