<?xml version="1.0" encoding="UTF-8"?>
<CustomField xmlns="http://soap.sforce.com/2006/04/metadata">
    <fullName>Extenal_Id__c</fullName>
    <caseSensitive>true</caseSensitive>
    <description>This is the field created from Custom Metadata</description>
    <externalId>true</externalId>
    <inlineHelpText>This is the field created from Custom Metadata</inlineHelpText>
    <label>Extenal Id</label>
    <length>6</length>
    <required>true</required>
    <trackFeedHistory>false</trackFeedHistory>
    <trackTrending>false</trackTrending>
    <type>Text</type>
    <unique>true</unique>
</CustomField>
