<?xml version="1.0" encoding="UTF-8"?>
<CustomField xmlns="http://soap.sforce.com/2006/04/metadata">
    <fullName>SSN__c</fullName>
    <description>This is the field created from Custom Metadata</description>
    <externalId>false</externalId>
    <inlineHelpText>This is the field created from Custom Metadata</inlineHelpText>
    <label>SSN</label>
    <length>60</length>
    <required>false</required>
    <trackFeedHistory>false</trackFeedHistory>
    <trackTrending>false</trackTrending>
    <type>Text</type>
    <unique>false</unique>
</CustomField>
