<?xml version="1.0" encoding="UTF-8"?>
<CustomField xmlns="http://soap.sforce.com/2006/04/metadata">
    <fullName>Status__c</fullName>
    <description>This is the picklist field created from Custom Metadata while recording UDEMY INTEGRATION</description>
    <externalId>false</externalId>
    <inlineHelpText>This is the picklist field created from Custom Metadata while recording UDEMY INTEGRATION</inlineHelpText>
    <label>Status</label>
    <required>true</required>
    <trackFeedHistory>false</trackFeedHistory>
    <trackTrending>false</trackTrending>
    <type>Picklist</type>
    <valueSet>
        <restricted>true</restricted>
        <valueSetDefinition>
            <sorted>false</sorted>
            <value>
                <fullName>In Process</fullName>
                <default>false</default>
                <label>In Process</label>
            </value>
            <value>
                <fullName>Launched</fullName>
                <default>false</default>
                <label>Launched</label>
            </value>
            <value>
                <fullName>Planned</fullName>
                <default>false</default>
                <label>Planned</label>
            </value>
            <value>
                <fullName>Recording</fullName>
                <default>false</default>
                <label>Recording</label>
            </value>
            <value>
                <fullName>Uploaded</fullName>
                <default>false</default>
                <label>Uploaded</label>
            </value>
        </valueSetDefinition>
    </valueSet>
</CustomField>
