<?xml version="1.0" encoding="UTF-8"?>
<CustomField xmlns="http://soap.sforce.com/2006/04/metadata">
    <fullName>Udemy_Integration__c</fullName>
    <deleteConstraint>SetNull</deleteConstraint>
    <description>This is the Lookup field related to Udemy_Integration__c Object</description>
    <externalId>false</externalId>
    <inlineHelpText>This is the Lookup field related to Udemy_Integration__c Object</inlineHelpText>
    <label>Udemy Integration</label>
    <referenceTo>Udemy_Integration__c</referenceTo>
    <relationshipLabel>Udemy Integrations</relationshipLabel>
    <relationshipName>UdemyIntegration</relationshipName>
    <required>false</required>
    <trackFeedHistory>false</trackFeedHistory>
    <trackTrending>false</trackTrending>
    <type>Lookup</type>
</CustomField>
