<?xml version="1.0" encoding="UTF-8"?>
<CustomLabels xmlns="http://soap.sforce.com/2006/04/metadata">
    <labels>
        <fullName>Freshdesk</fullName>
        <language>en_US</language>
        <protected>true</protected>
        <shortDescription>Freshdesk</shortDescription>
        <value>folTnB2Ef51t1DzZ7SFA:X</value>
    </labels>
    <labels>
        <fullName>GoogleToken</fullName>
        <language>en_US</language>
        <protected>true</protected>
        <shortDescription>GoogleToken</shortDescription>
        <value>GoogleTokenDemo</value>
    </labels>
    <labels>
        <fullName>LinkedInToken</fullName>
        <language>en_US</language>
        <protected>true</protected>
        <shortDescription>LinkedInToken</shortDescription>
        <value>LinkedInToken</value>
    </labels>
    <labels>
        <fullName>NumVerifyAPI</fullName>
        <categories>NumVerify</categories>
        <language>en_US</language>
        <protected>true</protected>
        <shortDescription>NumVerifyAPI</shortDescription>
        <value>abbf02a7681d39b74e48b520a72aa049</value>
    </labels>
    <labels>
        <fullName>NumVerifyURL</fullName>
        <categories>NumVerify</categories>
        <language>en_US</language>
        <protected>true</protected>
        <shortDescription>NumVerifyURL</shortDescription>
        <value>http://apilayer.net/api/validate</value>
    </labels>
    <labels>
        <fullName>OpenCageAPI</fullName>
        <categories>OpenCage</categories>
        <language>en_US</language>
        <protected>true</protected>
        <shortDescription>OpenCageAPI</shortDescription>
        <value>1920122d39e545c6b9978778ae60432f</value>
    </labels>
    <labels>
        <fullName>OpenCageEndpoint</fullName>
        <categories>OpenCage</categories>
        <language>en_US</language>
        <protected>true</protected>
        <shortDescription>OpenCageEndpoint</shortDescription>
        <value>https://api.opencagedata.com/geocode/v1/json?</value>
    </labels>
    <labels>
        <fullName>OpenCageKey</fullName>
        <language>en_US</language>
        <protected>true</protected>
        <shortDescription>OpenCageKey</shortDescription>
        <value>1badb7d9b4ad4f889c54d05f6bd0b3d7</value>
    </labels>
    <labels>
        <fullName>QuickbookSandbox</fullName>
        <language>en_US</language>
        <protected>true</protected>
        <shortDescription>QuickbookSandbox</shortDescription>
        <value>QuickbookSandboxNew</value>
    </labels>
    <labels>
        <fullName>SalesforceToken</fullName>
        <categories>SalesforceToken</categories>
        <language>en_US</language>
        <protected>true</protected>
        <shortDescription>SalesforceToken</shortDescription>
        <value>SalesforceToken</value>
    </labels>
</CustomLabels>
